013_apple,011_banana,006_mustard_bottle,016_pear,030_fork,031_spoon,003_cracker_box,007_tuna_fish_can,004_sugar_box,010_potted_meat_can,028_skillet_lid,024_bowl,025_mug
0.0799999982118606,0.0531512834131717,0.0908213704824447,0.1000000014901161,0.0208505019545555,0.051153440028429,0.1000000014901161,0.1000000014901161,0.0689254477620124,0.1000000014901161,0.0778367444872856,0.0149999996647238,0.03148503601551056
